Bếp điện từ cảm ứng Sunhouse SHD6861 (No.00757167),1.120.000₫,,"Bếp từ đơn
1900 W
Kính chịu nhiệt
Trung Quốc
12 Tháng",Giảm ngay 250.000đ,"1 đánh giá
|
0 Hỏi & đáp"
U,n,k,n,o,w,n
Bếp điện từ Kangaroo KG18IH2 (No.00757124),819.000₫,,"Bếp từ đơn
1800 W
Crystallite
Trung Quốc
12 Tháng",Giảm ngay 80.000đ,"1 đánh giá
|
0 Hỏi & đáp"
U,n,k,n,o,w,n
Bếp điện từ Kangaroo KG18IH1 (No.00757125),699.000₫,,"Bếp từ đơn
1800 W
Crystallite
Trung Quốc
12 Tháng",Giảm ngay 200.000đ,"1 đánh giá
|
0 Hỏi & đáp"
Bếp điện từ cơ Sunhouse SHD6149 (kèm nồi lẩu) (No.00757166),699.000₫,,"Bếp từ đơn
1900 W
Kính chịu nhiệt
Trung Quốc
12 Tháng",Giảm ngay 200.000đ,"1 đánh giá
|
0 Hỏi & đáp"
Bếp điện từ cảm ứng Sunhouse SHD6800 (kèm nồi lẩu) (No.00757168),890.000₫,,"Bếp từ đơn
1900 W
Kính chịu nhiệt
Trung Quốc
12 Tháng",Giảm ngay 200.000đ,"1 đánh giá
|
0 Hỏi & đáp"
U,n,k,n,o,w,n
U,n,k,n,o,w,n
Bếp điện từ Kangaroo KG15IC1 (No.00757126),580.000₫,,"Bếp từ đơn
1800 W
Crystallite
Trung Quốc
12 Tháng",Giảm ngay 90.000đ,"1 đánh giá
|
0 Hỏi & đáp"
U,n,k,n,o,w,n
U,n,k,n,o,w,n
U,n,k,n,o,w,n
Bếp điện từ Midea MI-K1917EF(B) (No.00757227),730.000₫,,"Bếp từ đơn
1900 W
Kính chịu nhiệt
Trung Quốc
12 Tháng",Giảm ngay 120.000đ,"1 đánh giá
|
0 Hỏi & đáp"
U,n,k,n,o,w,n
Bếp điện từ đôi Kalite KL-3800 (No.00770688),7.990.000₫,,"Bếp từ đôi
4000 W
Kính Ceramic
Thái Lan
36 Tháng",Giảm ngay 5.000.000đ,"1 đánh giá
|
0 Hỏi & đáp"
