,175.000₫,,"1500 W
1.5 lít
Thép không gỉ
Thép không gỉ",Giảm ngay 45.000đ,"1 đánh giá
|
0 Hỏi & đáp"
U,n,k,n,o,w,n
Bình đun siêu tốc Kangaroo 2 lít KG-20SK3 (No.00755983),260.000₫,,"1800 W
2 lít
Inox 304
Inox 304",Giảm ngay 130.000đ,"1 đánh giá
|
0 Hỏi & đáp"
Bình đun siêu tốc Sunhouse 1.7 lít SHD1382B (No.00755987),440.000₫,,"1800 W
1.7 lít
Inox 304
Nhựa PP chịu nhiệt",Giảm ngay 170.000đ,"1 đánh giá
|
0 Hỏi & đáp"
Bình đun siêu tốc Kangaroo 1.7 lít KG17K1 (No.00757112),640.000₫,,"1800 W
1.7 lít
Inox 304
Inox 304",Giảm ngay 240.000đ,"1 đánh giá
|
0 Hỏi & đáp"
Bình đun siêu tốc Kangaroo 1.5 lít KG18K1 (No.00757110),420.000₫,,"1800 W
1.5 lít
Inox 304
Nhựa cao cấp",Giảm ngay 100.000đ,"1 đánh giá
|
0 Hỏi & đáp"
U,n,k,n,o,w,n
Bình đun siêu tốc Midea MK-17DW (No.00757199),470.000₫,,"1800 W
1.7 lít
Inox cao cấp 304
Nhựa",Giảm ngay 80.000đ,"1 đánh giá
|
0 Hỏi & đáp"
U,n,k,n,o,w,n
U,n,k,n,o,w,n
Bình siêu tốc Midea 1.7 lít MK-17SS (No.00755995),480.000₫,,"1800 W
1.7 lít
Inox cao cấp 304
Inox 304",Giảm ngay 70.000đ,"1 đánh giá
|
0 Hỏi & đáp"
U,n,k,n,o,w,n
Bình siêu tốc Sunhouse 1.7 lít SHD 1370 (No.00755988),550.000₫,,"1850 W
1.7 lít
Inox 304
Inox 304",Giảm ngay 140.000đ,"1 đánh giá
|
0 Hỏi & đáp"
U,n,k,n,o,w,n
Bình đun siêu tốc Sunhouse 1.8 lít SHD1182 (No.00755984),195.000₫,,"1500 W
1.8 lít
Inox 201
Inox 202",Giảm ngay 90.000đ,"1 đánh giá
|
0 Hỏi & đáp"
U,n,k,n,o,w,n
Bình đun siêu tốc Midea MK-17DG (No.00758887),390.000₫,,"1800 W
1.7 lít
Inox cao cấp 304
Nhựa",Giảm ngay 200.000đ,"1 đánh giá
|
0 Hỏi & đáp"
Bình đun siêu tốc Kangaroo 1.5 lít KG15SK3 (No.00755982),180.000₫,,"1800 W
1.5 lít
Inox 201
Inox 201",Giảm ngay 100.000đ,"1 đánh giá
|
0 Hỏi & đáp"
Bình đun siêu tốc inox 2 lớp Sunhouse Mama 1.7 lít SHD1386W (No.00755989),700.000₫,,"1800 W
1.7 lít
Inox 304
Nhựa PP chịu nhiệt",Giảm ngay 140.000đ,"1 đánh giá
|
0 Hỏi & đáp"
U,n,k,n,o,w,n
Bình đun siêu tốc Midea MK-317DW (No.00758888),890.000₫,,"1800 W
1.7 lít
Inox cao cấp 304
Nhựa",Giảm ngay 100.000đ,"1 đánh giá
|
0 Hỏi & đáp"
U,n,k,n,o,w,n
U,n,k,n,o,w,n
Bình đun siêu tốc Xiaomi Mi Electric Kettle (No.00707670),420.000₫,,"1800 W
1.5 lít
Thép không gỉ 304
Nhựa cao cấp",Giảm ngay 230.000đ khi mua Online áp dụng đến 21/09,"1 đánh giá
|
0 Hỏi & đáp"
Bình đun siêu tốc Kangaroo thân inox 1.7 lít KG642 (No.00757111),550.000₫,,"1850 W - 2000 W
1.7 lít
Inox 304
Inox 304",Giảm ngay 200.000đ,"1 đánh giá
|
0 Hỏi & đáp"
