Xiaomi Mi 10T Pro 5G 8GB-128GB (No.00729072),10.490.000₫,"256GB
11.540.000₫
128GB
10.490.000₫","6.67"", FHD+, IPS LCD, 2440 x 1080 Pixel
108.0 MP + 13.0 MP + 5.0 MP
20.0 MP
Snapdragon 865
128 GB","Giảm ngay 1.500.000đ khi mua Online áp dụng đến 21/09
Trả góp 0%
Bảo hành 24 tháng
Giảm đến 300.000đ khi mua bảo hành (rơi vỡ + vào nước) kèm máy Xem chi tiết
Gói bảo hành rơi vỡ màn hình 1 lần trong 6 tháng Xem chi tiết
Thu cũ đổi mới - Trợ giá ngay 15% Xem chi tiết","3 đánh giá
|
0 Hỏi & đáp"
Realme 8 Pro 8GB - 128GB (No.00750540),8.390.000₫,,"6.4"", FHD+, Super AMOLED, 1080 x 2400 Pixel
108.0 MP + 8.0 MP + 2.0 MP + 2.0 MP
16.0 MP
Snapdragon 720G
128 GB","Giảm đến 300.000đ khi mua bảo hành (rơi vỡ + vào nước) kèm máy Xem chi tiết
Thu cũ đổi mới - Trợ giá ngay 15% Xem chi tiết","1 đánh giá
|
0 Hỏi & đáp"
Xiaomi Redmi K40 Pro (No.00488),Het Hang
Samsung Galaxy A12 4GB-128GB (No.00725256),3.899.000₫,,"6.5"", HD+, TFT LCD, 720 x 1600 Pixel
48.0 MP + 5.0 MP + 2.0 MP + 2.0 MP
8.0 MP
Helio G35
128 GB","Giảm ngay 400.000đ áp dụng đến 24/09
Trả góp 0%
Thu cũ đổi mới - Trợ giá ngay 15% Xem chi tiết","7 đánh giá
|
0 Hỏi & đáp"
Nokia 9.3 PureView (No.00263),Het Hang
Vivo Nex 3 (No.00075),Het Hang
Vivo V21 5G 8GB - 128GB (No.00751241),9.490.000₫,,"6.44"", FHD+, AMOLED, 2404 x 1080 Pixel
64.0 MP + 8.0 MP + 2.0 MP
44.0 MP
MediaTek Dimensity 800U
128 GB","Giảm đến 300.000đ khi mua bảo hành (rơi vỡ + vào nước) kèm máy Xem chi tiết
Thu cũ đổi mới - Trợ giá ngay 15% Xem chi tiết","1 đánh giá
|
0 Hỏi & đáp"
Realme 7 5G (No.00491),Het Hang
Xiaomi Black Shark 3 (No.00172),Het Hang
Microsoft Surface Duo (No.00306),Het Hang
U,n,k,n,o,w,n
Huawei Mate 30 (No.00079),Het Hang
Vivo Y1s 2GB-32GB (No.00701495),2.450.000₫,,"6.22"", HD+, IPS LCD, 720 x 1520 Pixel
13.0 MP
5.0 MP
MediaTek Helio P35
32 GB",Thu cũ đổi mới - Trợ giá ngay 15% Xem chi tiết,"1 đánh giá
|
0 Hỏi & đáp"
U,n,k,n,o,w,n
Nokia 5310 (2020) (No.00676228),1.000.000₫,,"2.4"", QVGA, TFT, 320 x 240 Pixel
0.3 MP
4 MB",Thu cũ đổi mới - Trợ giá ngay 15% Xem chi tiết,"42 đánh giá
|
159 Hỏi & đáp"
LG Stylo 6 (No.00312),Het Hang
OPPO Reno6 Z 5G (No.00761060),9.490.000₫,,"6.43"", FHD+, AMOLED, 1080 x 2400 Pixel
64.0 MP + 8.0 MP + 2.0 MP
32.0 MP
MediaTek Dimensity 800U
128 GB","Bảo hành 2 năm
Trả góp 0%
Giảm đến 300.000đ khi mua bảo hành (rơi vỡ + vào nước) kèm máy Xem chi tiết
Thu cũ đổi mới - Trợ giá ngay 15% Xem chi tiết","3 đánh giá
|
147 Hỏi & đáp"
Huawei P30 Lite New Edition (No.00175),Het Hang
U,n,k,n,o,w,n
Samsung Galaxy A90 5G (No.00070),Het Hang
Realme C11 2GB-32GB (No.00701497),2.690.000₫,,"6.5"", HD+, IPS LCD, 720 x 1600 Pixel
13.0 MP + 2.0 MP
5.0 MP
Mediatek Helio G35
32 GB",Thu cũ đổi mới - Trợ giá ngay 15% Xem chi tiết,"2 đánh giá
|
424 Hỏi & đáp"
Honor Play 3e (No.00030),Het Hang
Nokia 6.3 (No.00369),Het Hang
Honor V30 (No.00127),Het Hang
Xiaomi Redmi Note 9 Pro 5G (No.00474),Het Hang
Huawei Nova 7 SE 5G Youth (No.00444),Het Hang
Nokia 110 DS 4G (No.00760877),810.000₫,,"1.8"", QQVGA, QVGA
0.08 MP
Unisoc T107
128 MB",Thu cũ đổi mới - Trợ giá ngay 15% Xem chi tiết,"1 đánh giá
|
0 Hỏi & đáp"
Huawei P Smart Pro 2019 (No.00134),Het Hang
Xiaomi Redmi 9T 4GB-64GB (No.00747630),3.390.000₫,"6GB-128GB
4.090.000₫
4GB-64GB
3.390.000₫","6.53"", FHD+, IPS LCD, 1080 x 2340 Pixel
48.0 MP + 8.0 MP + 2.0 MP + 2.0 MP
8.0 MP
Snapdragon 662
64 GB","Giảm ngay 600.000đ
Trả góp 0%
Bảo hành 18 tháng
Thu cũ đổi mới - Trợ giá ngay 15% Xem chi tiết","1 đánh giá
|
505 Hỏi & đáp"
Realme C15 4GB-64GB (No.00722663),3.790.000₫,,"6.52"", HD+, LCD, 720 x 1600 Pixel
13.0 MP + 8.0 MP + 2.0 MP + 2.0 MP
8.0 MP
64 GB","Trả góp 0%
Thu cũ đổi mới - Trợ giá ngay 15% Xem chi tiết","1 đánh giá
|
411 Hỏi & đáp"
Huawei Mate 30 5G (No.00094),Het Hang
Nokia 8 V 5G UW (No.00472),Het Hang
Vivo iQOO Neo 3 (No.00264),Het Hang
Vivo Y21s 4GB+1GB - 128GB (No.00772979),5.290.000₫,"4GB
5.290.000₫
6GB
5.990.000₫","6.51"", HD+, IPS LCD, 720 x 1600 Pixel
50.0 MP + 2.0 MP + 2.0 MP
8.0 MP
Helio G80
128 GB",Thu cũ đổi mới - Trợ giá ngay 15% Xem chi tiết,"1 đánh giá
|
8 Hỏi & đáp"
Samsung Galaxy A51 5G (No.00245),Het Hang
Xiaomi Redmi 9 Prime (No.00373),Het Hang
OPPO A32 (No.00404),Het Hang
Samsung Galaxy A52 (No.00737236),9.299.000₫,,"6.5"", FHD+, Super AMOLED, 1080 x 2400 Pixel
64.0 MP + 12.0 MP + 5.0 MP + 5.0 MP
32.0 MP
Snapdragon 720G
128 GB","Trả góp 0%
Giảm đến 300.000đ khi mua bảo hành (rơi vỡ + vào nước) kèm máy Xem chi tiết
Thu cũ đổi mới - Trợ giá ngay 15% Xem chi tiết","4 đánh giá
|
289 Hỏi & đáp"
Xiaomi Redmi K30S (No.00442),Het Hang
Xiaomi POCO C3 (No.00431),Het Hang
Xiaomi Redmi Note 10S 8GB-128GB (No.00752138),6.290.000₫,,"6.43"", FHD+, AMOLED, 1080 x 2400 Pixel
64.0 MP + 8.0 MP + 2.0 MP + 2.0 MP
13.0 MP
MediaTek Helio G95
128 GB","Giảm ngay 200.000đ
Trả góp 0%
Bảo hành 18 tháng
Giảm đến 300.000đ khi mua bảo hành (rơi vỡ + vào nước) kèm máy Xem chi tiết
Thu cũ đổi mới - Trợ giá ngay 15% Xem chi tiết","2 đánh giá
|
124 Hỏi & đáp"
iPhone 12 Pro Max 128GB (No.00714499),30.499.000₫,"128GB
30.499.000₫
256GB
34.499.000₫
512GB
39.999.000₫","6.7"", Super Retina XDR, OLED, 2778 x 1284 Pixel
12.0 MP + 12.0 MP + 12.0 MP
12.0 MP
A14 Bionic
128 GB","Tặng gói iCloud 50GB miễn phí 3 tháng Xem chi tiết
Giảm đến 300.000đ khi mua bảo hành (rơi vỡ + vào nước) kèm máy Xem chi tiết
Tặng Bảo hành 2 năm chính hãng
Giảm ngay 20% Ốp lưng chính hãng khi mua kèm iPhone
Thu cũ đổi mới - Trợ giá ngay 15% Xem chi tiết","58 đánh giá
|
2302 Hỏi & đáp"
U,n,k,n,o,w,n
Realme C12 3GB-32GB (No.00708437),3.290.000₫,,"6.52"", HD+, IPS LCD, 720 x 1600 Pixel
13.0 MP + 2.0 MP + 2.0 MP
5.0 MP
Helio G35
32 GB","Giảm ngay 200.000đ
Thu cũ đổi mới - Trợ giá ngay 15% Xem chi tiết","1 đánh giá
|
477 Hỏi & đáp"
Xiaomi Redmi Note 10 5G 4GB-128GB (No.00752145),5.290.000₫,,"6.5"", FHD+, IPS LCD, 1080 x 2400 Pixel
48.0 MP + 2.0 MP + 2.0 MP
8.0 MP
MediaTek Dimensity 700
128 GB","Trả góp 0%
Bảo hành 18 tháng
Thu cũ đổi mới - Trợ giá ngay 15% Xem chi tiết","2 đánh giá
|
117 Hỏi & đáp"
Meizu 17 (No.00170),Het Hang
Realme X2 (No.00101),Het Hang
OPPO Find X3 Pro 5G (No.00752202),26.990.000₫,,"6.7"", QHD+, AMOLED, 1440 x 3216 Pixel
50.0 MP + 50.0 MP + 13.0 MP + 3.0 MP
32.0 MP
Snapdragon 888
256 GB","Trả góp 0%
Giảm đến 300.000đ khi mua bảo hành (rơi vỡ + vào nước) kèm máy Xem chi tiết
Thu cũ đổi mới - Trợ giá ngay 15% Xem chi tiết","1 đánh giá
|
0 Hỏi & đáp"
Xiaomi Poco M3 (No.00476),Het Hang
Vivo X70 Pro 12GB+4GB - 256GB (No.00773317),Het Hang
Xiaomi Mi Mix Alpha (No.00076),Het Hang
U,n,k,n,o,w,n
Honor V30 Pro (No.00128),Het Hang
Huawei Y6s (2019) (No.00131),Het Hang
Vivo Y20s 6GB - 128GB (No.00713265),4.690.000₫,,"6.51"", HD+, IPS LCD, 720 x 1600 Pixel
13.0 MP + 2.0 MP + 2.0 MP
8.0 MP
Snapdragon 460
128 GB",Thu cũ đổi mới - Trợ giá ngay 15% Xem chi tiết,"2 đánh giá
|
493 Hỏi & đáp"
Samsung Galaxy S21 Ultra 128GB (No.00726762),25.999.000₫,"128GB
25.999.000₫
256GB
28.999.000₫","6.8"", WQHD+, Dynamic AMOLED 2X, 1440 x 3200 Pixel
108.0 MP + 10.0 MP + 12.0 MP + 10.0 MP
40.0 MP
Exynos 2100
128 GB","Giảm ngay 5.000.000đ
Trả góp 0%
Giảm đến 300.000đ khi mua bảo hành (rơi vỡ + vào nước) kèm máy Xem chi tiết
Thu cũ đổi mới - Trợ giá ngay 15% Xem chi tiết","1 đánh giá
|
0 Hỏi & đáp"
Xiaomi Mi 10 Youth Edition (No.00261),Het Hang
Huawei Mate 40 RS Porsche Design (No.00446),Het Hang
Realme X2 Pro (No.00102),Het Hang
LG V60 ThinQ (No.00153),Het Hang
Vivo Y53s 8GB+3GB - 128GB (No.00756474),6.290.000₫,,"6.58"", FHD+, IPS LCD, 2408 x 1080 Pixel
64.0 MP + 2.0 MP + 2.0 MP
16.0 MP
Helio G80
128 GB","Giảm ngay 700.000đ khi mua Online áp dụng đến 21/09
Trả góp 0%
Giảm đến 300.000đ khi mua bảo hành (rơi vỡ + vào nước) kèm máy Xem chi tiết
Thu cũ đổi mới - Trợ giá ngay 15% Xem chi tiết","1 đánh giá
|
11 Hỏi & đáp"
iPhone SE (2020) 64GB (No.00720579),10.499.000₫,,"4.7"", Retina HD, IPS LCD, 750 x 1334 Pixel
12.0 MP
7.0 MP
A13 Bionic
64 GB","Tặng gói iCloud 50GB miễn phí 3 tháng Xem chi tiết
Giảm đến 300.000đ khi mua bảo hành (rơi vỡ + vào nước) kèm máy Xem chi tiết
Thu cũ đổi mới - Trợ giá ngay 15% Xem chi tiết","70 đánh giá
|
675 Hỏi & đáp"
iPhone 12 64GB (No.00719656),19.499.000₫,"64GB
19.499.000₫
128GB
21.999.000₫
256GB
Ngừng kinh doanh","6.1"", Super Retina XDR, OLED, 2532 x 1170 Pixel
12.0 MP + 12.0 MP
12.0 MP
A14 Bionic
64 GB","Tặng gói iCloud 50GB miễn phí 3 tháng Xem chi tiết
Giảm đến 300.000đ khi mua bảo hành (rơi vỡ + vào nước) kèm máy Xem chi tiết
Tặng Bảo hành 2 năm chính hãng
Giảm ngay 20% Ốp lưng chính hãng khi mua kèm iPhone
Thu cũ đổi mới - Trợ giá ngay 15% Xem chi tiết","39 đánh giá
|
1539 Hỏi & đáp"
ZTE Blade A7s 2020 (No.00501),Het Hang
U,n,k,n,o,w,n
Vivo Y5s (No.00119),Het Hang
OPPO A54 4GB-128GB (No.00749015),4.690.000₫,,"6.5"", HD+, LCD, 720 x 1600 Pixel
13.0 MP + 2.0 MP + 2.0 MP
16.0 MP
Helio P35
128 GB","Trả góp 0%
Thu cũ đổi mới - Trợ giá ngay 15% Xem chi tiết","1 đánh giá
|
0 Hỏi & đáp"
U,n,k,n,o,w,n
Xiaomi Mi 9T Pro (No.00065),Het Hang
U,n,k,n,o,w,n
U,n,k,n,o,w,n
Masstel Izi 230 (No.00705675),380.000₫,,"2.4"", QVGA, TFT, 240 x 320 Pixels
0.08 MP
32 MB",Thu cũ đổi mới - Trợ giá ngay 15% Xem chi tiết,"1 đánh giá
|
0 Hỏi & đáp"
Realme Narzo 30A 4GB - 64GB (No.00752184),3.790.000₫,,"6.5"", HD+, IPS LCD, 720 x 1600 Pixel
13.0 MP + 2.0 MP
8.0 MP
Helio G85
64 GB","Giảm ngay 200.000đ
Trả góp 0%
Thu cũ đổi mới - Trợ giá ngay 15% Xem chi tiết","1 đánh giá
|
208 Hỏi & đáp"
Nokia C30 3GB-32GB (No.00771450),2.790.000₫,,"6.82"", HD+, IPS LCD, 720 x 1600 Pixel
13.0 MP + 2.0 MP
5.0 MP
SC9863A
32 GB","Giảm ngay 200.000đ
Trả góp 0%
Thu cũ đổi mới - Trợ giá ngay 15% Xem chi tiết","1 đánh giá
|
19 Hỏi & đáp"
Oppo A15 3GB-32GB (No.00731360),3.490.000₫,,"6.52"", HD+, LCD, 720 x 1600 Pixel
13.0 MP + 2.0 MP + 2.0 MP
8.0 MP
Helio P35
32 GB","Trả góp 0%
Thu cũ đổi mới - Trợ giá ngay 15% Xem chi tiết","1 đánh giá
|
358 Hỏi & đáp"
Xiaomi Mi Note 10 (No.00115),Het Hang
OPPO A93 8GB-128GB (No.00716465),6.290.000₫,,"6.43"", FHD+, AMOLED, 1080 x 2400 Pixel
48.0 MP + 8.0 MP + 2.0 MP + 2.0 MP
16.0 MP + 2.0 MP
Mediatek Helio P95
128 GB","Giảm ngay 200.000đ
Trả góp 0%
Giảm đến 300.000đ khi mua bảo hành (rơi vỡ + vào nước) kèm máy Xem chi tiết
Thu cũ đổi mới - Trợ giá ngay 15% Xem chi tiết","6 đánh giá
|
809 Hỏi & đáp"
Xiaomi Mi 10 Ultra (No.00375),Het Hang
U,n,k,n,o,w,n
OPPO A33 2020 (No.00421),Het Hang
U,n,k,n,o,w,n
Honor 8S (No.00097),Het Hang
Xiaomi Redmi 10 4GB-128GB (No.00771091),4.290.000₫,"128 GB
4.290.000₫
64 GB
3.990.000₫","6.5"", FHD+, IPS LCD, 1080 x 2400 Pixel
50.0 MP + 8.0 MP + 2.0 MP + 2.0 MP
8.0 MP
MediaTek Helio G88
128 GB","Trả góp 0%
Bảo hành 18 tháng
Thu cũ đổi mới - Trợ giá ngay 15% Xem chi tiết","1 đánh giá
|
304 Hỏi & đáp"
Nokia 5.4 4GB -128GB (No.00733908),3.490.000₫,,"6.39"", HD+, IPS LCD, 720 x 1560 Pixel
48.0 MP + 5.0 MP + 2.0 MP + 2.0 MP
16.0 MP
Snapdragon 662
128 GB","Giảm ngay 700.000đ khi mua Online áp dụng đến 23/09
Trả góp 0%
Thu cũ đổi mới - Trợ giá ngay 15% Xem chi tiết","35 đánh giá
|
657 Hỏi & đáp"
Xiaomi Redmi 10X 5G (No.00319),Het Hang
U,n,k,n,o,w,n
Huawei Y8p (No.00310),Het Hang
Oppo Reno6 5G (No.00761063),12.990.000₫,,"6.43"", FHD+, AMOLED, 1080 x 2400 Pixel
64.0 MP + 8.0 MP + 2.0 MP
32.0 MP
MediaTek Dimensity 900 5G
128 GB","Bảo hành 2 năm
Trả góp 0%
Giảm đến 300.000đ khi mua bảo hành (rơi vỡ + vào nước) kèm máy Xem chi tiết
Thu cũ đổi mới - Trợ giá ngay 15% Xem chi tiết","1 đánh giá
|
197 Hỏi & đáp"
Huawei P30 Pro New Edition (No.00290),Het Hang
Huawei P40 Lite (No.00174),Het Hang
OPPO X 2021 (No.00484),Het Hang
Xiaomi Redmi Note 8T (No.00117),Het Hang
U,n,k,n,o,w,n
Xiaomi Redmi K30 5G Tracing (No.00308),Het Hang
LG Q52 (No.00464),Het Hang
HONOR 7x (No.731046),Het Hang
Honor V40 (No.00469),Het Hang
Sony Xperia 1 (No.00064),Het Hang
Realme C20 2GB-32GB (No.00736774),2.690.000₫,,"6.5"", HD+, IPS LCD, 720 x 1600 Pixel
8.0 MP
5.0 MP
Mediatek Helio G35
32 GB",Thu cũ đổi mới - Trợ giá ngay 15% Xem chi tiết,"1 đánh giá
|
138 Hỏi & đáp"
Asus ZenFone 7 (No.00151),Het Hang
Samsung Galaxy S21+ 128GB (No.00726760),20.999.000₫,"128GB
20.999.000₫
256GB
23.999.000₫","6.7"", FHD+, Dynamic AMOLED 2X, 1080 x 2400 Pixel
12.0 MP + 12.0 MP + 64.0 MP
10.0 MP
Exynos 2100
128 GB","Giảm ngay 5.000.000đ
Trả góp 0%
Giảm đến 300.000đ khi mua bảo hành (rơi vỡ + vào nước) kèm máy Xem chi tiết
Thu cũ đổi mới - Trợ giá ngay 15% Xem chi tiết","2 đánh giá
|
239 Hỏi & đáp"
Samsung Galaxy A42 5G (No.00395),Het Hang
Samsung Galaxy A22 5G (No.00764925),5.899.000₫,"5G
5.899.000₫
4G
5.899.000₫","6.6"", FHD+, TFT LCD, 1080 x 2400 Pixel
48.0 MP + 5.0 MP + 2.0 MP
8.0 MP
MediaTek Dimensity 700
128 GB","Giảm ngay 400.000đ áp dụng đến 24/09
Trả góp 0%
Giảm đến 300.000đ khi mua bảo hành (rơi vỡ + vào nước) kèm máy Xem chi tiết
Quà tặng Galaxy trị giá 480.000đ Xem chi tiết
Thu cũ đổi mới - Trợ giá ngay 15% Xem chi tiết","5 đánh giá
|
0 Hỏi & đáp"
Vivo Y3 (No.00060),Het Hang
U,n,k,n,o,w,n
Huawei P Smart S (No.00296),Het Hang
Realme C25 4GB-128GB (No.00747620),4.690.000₫,,"6.5"", HD+, LCD, 720 x 1600 Pixel
48.0 MP + 2.0 MP + 2.0 MP
8.0 MP
Helio G70
128 GB","Trả góp 0%
Thu cũ đổi mới - Trợ giá ngay 15% Xem chi tiết","1 đánh giá
|
46 Hỏi & đáp"
Huawei Enjoy 10 (No.00107),Het Hang
Realme C15 Qualcomm Edition (No.00463),Het Hang
U,n,k,n,o,w,n
Wiko Y60 (No.00454),Het Hang
Asus ROG Phone II (No.00355),Het Hang
Vivo U3 (No.00110),Het Hang
OnePlus 8T (No.00461),Het Hang
Vivo Y72 5G 8GB-128GB (No.00749011),7.590.000₫,,"6.58"", FHD+, IPS LCD, 2340 x 1080 Pixel
64.0 MP + 8.0 MP + 2.0 MP
16.0 MP
MediaTek Dimensity 700
128 GB","Giảm đến 300.000đ khi mua bảo hành (rơi vỡ + vào nước) kèm máy Xem chi tiết
Thu cũ đổi mới - Trợ giá ngay 15% Xem chi tiết","1 đánh giá
|
45 Hỏi & đáp"
OPPO F17 Pro (No.00397),Het Hang
Samsung Galaxy A52s 5G (No.00772654),9.990.000₫,,"6.5"", FHD+, Super AMOLED, 1080 x 2400 Pixel
64.0 MP + 12.0 MP + 5.0 MP + 5.0 MP
32.0 MP
Snapdragon 778G
128 GB","Giảm ngay 1.000.000đ áp dụng với khách hàng đặt cọc trước 24/09
Thu cũ đổi mới - Trợ giá ngay 15% Xem chi tiết
Trả góp 0%
Ưu đãi Quà tặng Galaxy trị giá đến 1.000.000đ (áp dụng tại Phúc Long. Grab. Decathlon Sports Vietnam) Xem chi tiết","1 đánh giá
|
30 Hỏi & đáp"
Nokia C5 Endi (No.00325),Het Hang
Wiko View3 Lite (No.00455),Het Hang
U,n,k,n,o,w,n
U,n,k,n,o,w,n
OnePlus 8 (No.00150),Het Hang
OPPO A73 6GB-128GB (No.00739888),5.490.000₫,,"6.44"", FHD+, AMOLED, 1080 x 2400 Pixel
16.0 MP + 8.0 MP + 2.0 MP + 2.0 MP
16.0 MP
Snapdragon 662
128 GB","Trả góp 0%
Thu cũ đổi mới - Trợ giá ngay 15% Xem chi tiết","2 đánh giá
|
397 Hỏi & đáp"
U,n,k,n,o,w,n
U,n,k,n,o,w,n
Vivo V17 6GB-128GB (No.00608807),Het Hang
Xiaomi Mi 9 Pro (No.00092),Het Hang
U,n,k,n,o,w,n
Huawei nova 5z (No.00109),Het Hang
iPhone 12 64GB (No.00719656),19.499.000₫,"64GB
19.499.000₫
128GB
21.999.000₫
256GB
Ngừng kinh doanh","6.1"", Super Retina XDR, OLED, 2532 x 1170 Pixel
12.0 MP + 12.0 MP
12.0 MP
A14 Bionic
64 GB","Tặng gói iCloud 50GB miễn phí 3 tháng Xem chi tiết
Giảm đến 300.000đ khi mua bảo hành (rơi vỡ + vào nước) kèm máy Xem chi tiết
Tặng Bảo hành 2 năm chính hãng
Giảm ngay 20% Ốp lưng chính hãng khi mua kèm iPhone
Thu cũ đổi mới - Trợ giá ngay 15% Xem chi tiết","39 đánh giá
|
1539 Hỏi & đáp"
U,n,k,n,o,w,n
Xiaomi Mi 10 Pro Plus (No.00361),Het Hang
U,n,k,n,o,w,n
OPPO F17 (No.00396),Het Hang
Asus ROG Phone 3 Strix (No.00356),Het Hang
iPhone XR 64GB (No.00720575),11.999.000₫,"64GB
11.999.000₫
128GB
Ngừng kinh doanh
256GB
Ngừng kinh doanh","6.1"", Liquid Retina HD, IPS LCD, 828 x 1792 Pixel
12.0 MP
7.0 MP
A12 Bionic
64 GB","Tặng gói iCloud 50GB miễn phí 3 tháng Xem chi tiết
Giảm đến 300.000đ khi mua bảo hành (rơi vỡ + vào nước) kèm máy Xem chi tiết
Thu cũ đổi mới - Trợ giá ngay 15% Xem chi tiết","125 đánh giá
|
3015 Hỏi & đáp"
U,n,k,n,o,w,n
U,n,k,n,o,w,n
Samsung Galaxy Z Flip (No.00740305),19.999.000₫,,"6.7"", FHD+, Chính: Dynamic AMOLED, phụ: Super AMOLED, 1080 x 2636 Pixel
12.0 MP + 12.0 MP
10.0 MP
Snapdragon 855+
256 GB","Giảm đến 300.000đ khi mua bảo hành (rơi vỡ + vào nước) kèm máy Xem chi tiết
Thu cũ đổi mới - Trợ giá ngay 15% Xem chi tiết","41 đánh giá
|
348 Hỏi & đáp"
OPPO A15s 4GB-64GB (No.00737247),3.990.000₫,,"6.52"", HD+, LCD, 720 x 1600 Pixel
13.0 MP + 2.0 MP + 2.0 MP
8.0 MP
MediaTek Helio P35
64 GB","Trả góp 0%
Thu cũ đổi mới - Trợ giá ngay 15% Xem chi tiết","1 đánh giá
|
153 Hỏi & đáp"
U,n,k,n,o,w,n
OnePlus 9 (No.00462),Het Hang
Huawei Y7a (No.00443),Het Hang
Vivo iQOO Z1 (No.00295),Het Hang
U,n,k,n,o,w,n
LG K41S (No.00167),Het Hang
Huawei Mate Xs (No.00173),Het Hang
Xiaomi Redmi K30 5G (No.00133),Het Hang
Samsung Galaxy A03s (No.00771062),3.699.000₫,,"6.5"", HD+, PLS TFT LCD, 720 x 1600 Pixel
13.0 MP + 2.0 MP + 2.0 MP
13.0 MP
MediaTek MT6765
64 GB","Trả góp 0%
Thu cũ đổi mới - Trợ giá ngay 15% Xem chi tiết","1 đánh giá
|
108 Hỏi & đáp"
Nokia 2.4 (No.00718843),2.290.000₫,,"6.5"", HD+, IPS LCD, 720 x 1600 Pixel
13.0 MP + 2.0 MP
5.0 MP
32 GB","Giảm ngay 400.000đ
Trả góp 0%
Thu cũ đổi mới - Trợ giá ngay 15% Xem chi tiết","1 đánh giá
|
0 Hỏi & đáp"
Honor 8A 2020 (No.00247),Het Hang
Samsung Galaxy M31 (No.00673722),6.490.000₫,,"6.4"", FHD+, Super AMOLED, 1080 x 2340 Pixel
64.0 MP + 8.0 MP + 5.0 MP + 5.0 MP
32.0 MP
Exynos 9611
128 GB","Giảm đến 300.000đ khi mua bảo hành (rơi vỡ + vào nước) kèm máy Xem chi tiết
Thu cũ đổi mới - Trợ giá ngay 15% Xem chi tiết","177 đánh giá
|
3737 Hỏi & đáp"
U,n,k,n,o,w,n
U,n,k,n,o,w,n
U,n,k,n,o,w,n
Realme X7 Pro (No.00385),Het Hang
Nokia 8000 DS 4G (No.00725655),1.490.000₫,,"2.8"", QVGA, TFT, 320 x 240 Pixel
2.0 MP
4 GB","Giảm ngay 300.000đ
Thu cũ đổi mới - Trợ giá ngay 15% Xem chi tiết","1 đánh giá
|
128 Hỏi & đáp"
U,n,k,n,o,w,n
Realme 7 (No.00388),Het Hang
OnePlus 8T+ 5G (No.00459),Het Hang
Nokia 3.4 4GB - 64GB (No.00729666),2.790.000₫,,"6.39"", HD+, IPS LCD, 720 x 1560 Pixel
13.0 MP + 5.0 MP + 2.0 MP
8.0 MP
Snapdragon 460
64 GB","Giảm ngay 500.000đ
Trả góp 0%
Thu cũ đổi mới - Trợ giá ngay 15% Xem chi tiết","1 đánh giá
|
401 Hỏi & đáp"
U,n,k,n,o,w,n
Sharp Aquos S3 (No.738098),Het Hang
iPhone 12 Pro 128GB (No.00714486),27.499.000₫,"128GB
27.499.000₫
256GB
28.499.000₫
512GB
35.999.000₫","6.1"", Super Retina XDR, OLED, 2532 x 1170 Pixel
12.0 MP + 12.0 MP + 12.0 MP
12.0 MP
A14 Bionic
128 GB","Tặng gói iCloud 50GB miễn phí 3 tháng Xem chi tiết
Giảm đến 300.000đ khi mua bảo hành (rơi vỡ + vào nước) kèm máy Xem chi tiết
Tặng Bảo hành 2 năm chính hãng
Giảm ngay 20% Ốp lưng chính hãng khi mua kèm iPhone
Thu cũ đổi mới - Trợ giá ngay 15% Xem chi tiết","33 đánh giá
|
618 Hỏi & đáp"
Nokia C2 Tennen (No.00324),Het Hang
iPhone 11 Pro 512GB (No.00606103),31.999.000₫,"64GB
Ngừng kinh doanh
256GB
Ngừng kinh doanh
512GB
31.999.000₫","5.8"", Super Retina XDR, Super AMOLED, 1125 x 2436 Pixel
12.0 MP + 12.0 MP + 12.0 MP
12.0 MP
A13 Bionic
512 GB","Tặng gói iCloud 50GB miễn phí 3 tháng Xem chi tiết
Giảm đến 300.000đ khi mua bảo hành (rơi vỡ + vào nước) kèm máy Xem chi tiết
Thu cũ đổi mới - Trợ giá ngay 15% Xem chi tiết","61 đánh giá
|
138 Hỏi & đáp"
Vsmart Joy 4 3GB-64GB (No.00714135),2.990.000₫,"3GB-64GB
2.990.000₫
4GB-64GB
2.990.000₫
6GB-64GB
3.790.000₫","6.53"", FHD+, LTPS IPS LCD, 1080 x 2340 Pixel
16.0 MP + 8.0 MP + 2.0 MP + 2.0 MP
13.0 MP
Snapdragon 665
64 GB","Giảm ngay 300.000đ
Bảo hành 18 tháng
Đổi trả 101 ngày lỗi NSX
Thu cũ đổi mới - Trợ giá ngay 15% Xem chi tiết","13 đánh giá
|
1123 Hỏi & đáp"
Huawei P40 Lite 5G (No.00309),Het Hang
Huawei Y5p (No.00288),Het Hang
Xiaomi Mi 10 Lite 5G (No.00238),Het Hang
Xiaomi POCO X3 Pro NFC 8GB-256GB (No.00749229),7.190.000₫,,"6.67"", FHD+, IPS LCD, 1080 x 2400 Pixel
48.0 MP + 8.0 MP + 2.0 MP + 2.0 MP
20.0 MP
Snapdragon 860
256 GB","Giảm ngay 800.000đ khi mua Online áp dụng đến 21/09
Trả góp 0%
Bảo hành 18 tháng
Giảm đến 300.000đ khi mua bảo hành (rơi vỡ + vào nước) kèm máy Xem chi tiết
Thu cũ đổi mới - Trợ giá ngay 15% Xem chi tiết","40 đánh giá
|
1980 Hỏi & đáp"
Oppo Reno5 8GB - 128GB (No.00727090),7.890.000₫,"4G
7.890.000₫
5G
9.990.000₫","6.43"", FHD+, AMOLED, 1080 x 2400 Pixel
64.0 MP + 8.0 MP + 2.0 MP + 2.0 MP
44.0 MP
Snapdragon 720G
128 GB","Giảm ngay 800.000đ khi mua Online áp dụng đến 30/09
Trả góp 0%
Giảm đến 300.000đ khi mua bảo hành (rơi vỡ + vào nước) kèm máy Xem chi tiết
Thu cũ đổi mới - Trợ giá ngay 15% Xem chi tiết","11 đánh giá
|
739 Hỏi & đáp"
Nokia C1 (No.00138),Het Hang
Xiaomi Redmi 9A 2GB-32GB (No.00701044),1.990.000₫,,"6.53"", HD+, IPS LCD, 720 x 1600 Pixel
13.0 MP
5.0 MP
Helio G25
32 GB","Bảo hành 18 tháng
Thu cũ đổi mới - Trợ giá ngay 15% Xem chi tiết","37 đánh giá
|
1085 Hỏi & đáp"
Oppo A73 5G (No.00489),Het Hang
Huawei Y6s (No.00103),Het Hang
Nokia X6 (No.761660),Het Hang
Vivo U20 (No.00120),Het Hang
Nokia C3 (No.00370),Het Hang
Samsung Galaxy Z Fold3 5G 256GB (No.00770630),41.990.000₫,"256 GB
41.990.000₫
512 GB
44.990.000₫","Màn hình chính: 7.6”, Màn hình phụ: 6.2”, HD+, Chính: Dynamic AMOLED 2X, phụ: Dynamic AMOLED 2X, 1768 x 2208 Pixel
12.0 MP + 12.0 MP + 12.0 MP
10.0 MP
Snapdragon 888
256 GB","Đặc quyền nâng cấp chủ nhân Galaxy Note 20 Series giảm đến 6 triệu Xem chi tiết
Trả góp 0%
Bảo hành Samsung Care+
Gói đặc quyền cao cấp Xem chi tiết
Thu cũ đổi mới - Trợ giá ngay 15% Xem chi tiết
Giảm 15% Đồng hồ Samsung Galaxy Watch 4 Xem chi tiết
Giảm 10% Tai nghe Galaxy Buds2 Xem chi tiết","1 đánh giá
|
67 Hỏi & đáp"
Samsung Galaxy M12 (No.00485),Het Hang
Xiaomi Redmi Note 9 5G (No.00473),Het Hang
Huawei Nova 5i Pro (No.00087),Het Hang
iPhone 12 Mini 64GB (No.00719637),16.499.000₫,"64GB
16.499.000₫
128GB
18.999.000₫
256GB
Ngừng kinh doanh","5.4"", Super Retina XDR, OLED, 1080 x 2340 Pixel
12.0 MP + 12.0 MP
12.0 MP
A14 Bionic
64 GB","Tặng gói iCloud 50GB miễn phí 3 tháng Xem chi tiết
Giảm đến 300.000đ khi mua bảo hành (rơi vỡ + vào nước) kèm máy Xem chi tiết
Tặng Bảo hành 2 năm chính hãng
Giảm ngay 20% Ốp lưng chính hãng khi mua kèm iPhone
Thu cũ đổi mới - Trợ giá ngay 15% Xem chi tiết","1 đánh giá
|
283 Hỏi & đáp"
Nokia 125 (No.00292),Het Hang
Vivo X30 Pro (No.00143),Het Hang
Honor Play 4T Pro (No.00248),Het Hang
Vivo Y9s (No.00130),Het Hang
iPhone 11 64GB (No.00720580),14.499.000₫,"64GB
14.499.000₫
128GB
16.499.000₫
256GB
18.999.000₫","6.1"", Liquid Retina HD, IPS LCD, 828 x 1792 Pixel
12.0 MP + 12.0 MP
12.0 MP
A13 Bionic
64 GB","Tặng gói iCloud 50GB miễn phí 3 tháng Xem chi tiết
Giảm đến 300.000đ khi mua bảo hành (rơi vỡ + vào nước) kèm máy Xem chi tiết
Lên đời tặng thêm 500.000đ Xem chi tiết","157 đánh giá
|
4508 Hỏi & đáp"
Huawei Mate 40 Pro+ (No.00445),Het Hang
Samsung Galaxy Z Flip3 5G 128GB (No.00770643),24.990.000₫,"128 GB
24.990.000₫
256 GB
26.990.000₫","Màn hình chính: 6.7”, Màn hình phụ: 1.9”, FHD+, Chính: Dynamic AMOLED, phụ: Super AMOLED, 1080 x 2636 Pixel
12.0 MP + 12.0 MP + 12.0 MP
10.0 MP
Snapdragon 888
128 GB","Đặc quyền nâng cấp chủ nhân Galaxy Note 20 Series giảm đến 6 triệu Xem chi tiết
Trả góp 0%
Bảo hành Samsung Care+
Gói đặc quyền cao cấp Xem chi tiết
Thu cũ đổi mới - Trợ giá ngay 15% Xem chi tiết
Giảm 15% Đồng hồ Samsung Galaxy Watch 4 Xem chi tiết
Giảm 10% Tai nghe Galaxy Buds2 Xem chi tiết","1 đánh giá
|
104 Hỏi & đáp"
Vivo Y20 4GB - 64GB (No.00710583),3.890.000₫,,"6.51"", HD+, IPS LCD, 720 x 1600 Pixel
13.0 MP + 2.0 MP + 2.0 MP
8.0 MP
Snapdragon 460
64 GB","Giảm ngay 100.000đ
Trả góp 0%
Thu cũ đổi mới - Trợ giá ngay 15% Xem chi tiết","3 đánh giá
|
690 Hỏi & đáp"
Honor 8A Prime (No.00242),Het Hang
Realme C17 6GB - 128GB (No.00729103),4.930.000₫,,"6.52"", HD+, LCD, 720 x 1600 Pixel
13.0 MP + 8.0 MP + 2.0 MP + 2.0 MP
8.0 MP
128 GB","Giảm ngay 360.000đ áp dụng đến 23/09
Trả góp 0%
Thu cũ đổi mới - Trợ giá ngay 15% Xem chi tiết","1 đánh giá
|
0 Hỏi & đáp"
Nokia 5.2 (No.00504),Het Hang
U,n,k,n,o,w,n
Huawei Mate 30 RS Porsche Design (No.00096),Het Hang
Vivo Y21 4GB+1GB - 64GB (No.00770971),4.290.000₫,,"6.51"", HD+, IPS LCD, 720 x 1600 Pixel
13.0 MP + 2.0 MP
8.0 MP
Helio P35
64 GB","Trả góp 0%
Thu cũ đổi mới - Trợ giá ngay 15% Xem chi tiết","1 đánh giá
|
10 Hỏi & đáp"
Realme X50 Pro Player Edition (No.00307),Het Hang
Xiaomi Mi Mix 4 (No.00062),Het Hang
Samsung Galaxy A02 (No.00467),Het Hang
iPhone 12 Pro Max 128GB (No.00714499),30.499.000₫,"128GB
30.499.000₫
256GB
34.499.000₫
512GB
39.999.000₫","6.7"", Super Retina XDR, OLED, 2778 x 1284 Pixel
12.0 MP + 12.0 MP + 12.0 MP
12.0 MP
A14 Bionic
128 GB","Tặng gói iCloud 50GB miễn phí 3 tháng Xem chi tiết
Giảm đến 300.000đ khi mua bảo hành (rơi vỡ + vào nước) kèm máy Xem chi tiết
Tặng Bảo hành 2 năm chính hãng
Giảm ngay 20% Ốp lưng chính hãng khi mua kèm iPhone
Thu cũ đổi mới - Trợ giá ngay 15% Xem chi tiết","58 đánh giá
|
2302 Hỏi & đáp"
Wiko View 2 Plus (No.00249),Het Hang
Samsung Galaxy M21s (No.00468),Het Hang
OPPO K7x (No.00470),Het Hang
Nokia 2 V Tella (No.00453),Het Hang
Honor Play 4 Pro (No.00322),Het Hang
Samsung Galaxy A51 (No.00631272),7.990.000₫,,"6.5"", FHD+, Super AMOLED, 1080 x 2400 Pixel
48.0 MP + 12.0 MP + 5.0 MP + 5.0 MP
32.0 MP
Exynos 9611
128 GB","Giảm đến 300.000đ khi mua bảo hành (rơi vỡ + vào nước) kèm máy Xem chi tiết
Thu cũ đổi mới - Trợ giá ngay 15% Xem chi tiết","133 đánh giá
|
2980 Hỏi & đáp"
Masstel iZi 206 (No.00508560),350.000₫,,"2.4"", QVGA, TFT LCD, 240 x 320 Pixel
0.3 MP",Thu cũ đổi mới - Trợ giá ngay 15% Xem chi tiết,"80 đánh giá
|
0 Hỏi & đáp"
Xiaomi Mi CC9 Pro (No.00114),Het Hang
Huawei Mate 30 Pro 5G (No.00095),Het Hang
Xiaomi Black Shark 2 Pro (No.00085),Het Hang
Samsung Galaxy Note 20 Ultra (No.00701433),19.999.000₫,,"6.9"", 2K+, Dynamic AMOLED 2X, 1440 x 3088 Pixel
108.0 MP + 12.0 MP + 12.0 MP
10.0 MP
Exynos 990
256 GB","Giảm ngay 10.000.000đ
Trả góp 0%
Giảm đến 300.000đ khi mua bảo hành (rơi vỡ + vào nước) kèm máy Xem chi tiết
Thu cũ đổi mới - Trợ giá ngay 15% Xem chi tiết","38 đánh giá
|
863 Hỏi & đáp"
Samsung Galaxy S8 Lite (No.763561),Het Hang
Nokia C20 2GB - 32GB (No.00750110),1.990.000₫,,"6.5"", HD+, IPS HD, 720 x 1600 Pixel
5.0 MP + 5.0 MP
5.0 MP
SC9863A
32 GB","Giảm ngay 300.000đ
Trả góp 0%
Thu cũ đổi mới - Trợ giá ngay 15% Xem chi tiết","1 đánh giá
|
79 Hỏi & đáp"
Samsung Galaxy M42 (No.00487),Het Hang
Sony Xperia 5 (No.00078),Het Hang
Asus Zenfone 7 Pro ZS671KS (No.00478),Het Hang
Realme X7 (No.00387),Het Hang
Samsung Galaxy A72 (No.00737243),10.499.000₫,,"6.7"", FHD+, Super AMOLED, 1080 x 2400 Pixel
64.0 MP + 12.0 MP + 8.0 MP + 5.0 MP
32.0 MP
Snapdragon 720G
256 GB","Giảm ngay 1.000.000đ áp dụng đến 30/09
Trả góp 0%
Giảm đến 300.000đ khi mua bảo hành (rơi vỡ + vào nước) kèm máy Xem chi tiết
Thu cũ đổi mới - Trợ giá ngay 15% Xem chi tiết","3 đánh giá
|
226 Hỏi & đáp"
U,n,k,n,o,w,n
Samsung Galaxy S20 FE 256GB (No.00751235),11.999.000₫,,"6.5"", FHD+, Super AMOLED, 1080 x 2400 Pixel
12.0 MP + 12.0 MP + 8.0 MP
32.0 MP
Snapdragon 865
256 GB","Giảm ngay 3.500.000đ áp dụng đến 22/09
Trả góp 0%
Giảm đến 300.000đ khi mua bảo hành (rơi vỡ + vào nước) kèm máy Xem chi tiết
Thu cũ đổi mới - Trợ giá ngay 15% Xem chi tiết","5 đánh giá
|
410 Hỏi & đáp"
Asus Zenfone 6 2019 (No.00057),Het Hang
Motorola One Vision (No.00304),Het Hang
Samsung Galaxy A31 (No.00677328),5.799.000₫,,"6.4"", FHD+, Super AMOLED, 1080 x 2400 Pixel
48.0 MP + 8.0 MP + 5.0 MP + 5.0 MP
20.0 MP
Helio P65
128 GB",Thu cũ đổi mới - Trợ giá ngay 15% Xem chi tiết,"37 đánh giá
|
1192 Hỏi & đáp"
Huawei Nova 6 5G (No.00121),Het Hang
OnePlus Nord N100 (No.00460),Het Hang
Realme X50 Pro 5G (No.00155),Het Hang
iPhone 12 64GB (No.00719656),19.499.000₫,"64GB
19.499.000₫
128GB
21.999.000₫
256GB
Ngừng kinh doanh","6.1"", Super Retina XDR, OLED, 2532 x 1170 Pixel
12.0 MP + 12.0 MP
12.0 MP
A14 Bionic
64 GB","Tặng gói iCloud 50GB miễn phí 3 tháng Xem chi tiết
Giảm đến 300.000đ khi mua bảo hành (rơi vỡ + vào nước) kèm máy Xem chi tiết
Tặng Bảo hành 2 năm chính hãng
Giảm ngay 20% Ốp lưng chính hãng khi mua kèm iPhone
Thu cũ đổi mới - Trợ giá ngay 15% Xem chi tiết","39 đánh giá
|
1539 Hỏi & đáp"
Realme C11 2021 2GB - 32GB (No.00752185),2.690.000₫,,"6.5"", HD+, IPS LCD, 720 x 1600 Pixel
8.0 MP
5.0 MP
SC9863A
32 GB",Thu cũ đổi mới - Trợ giá ngay 15% Xem chi tiết,"1 đánh giá
|
15 Hỏi & đáp"
Realme 5s (No.00135),Het Hang
U,n,k,n,o,w,n
Realme C2 2020 (No.00136),Het Hang
U,n,k,n,o,w,n
Vivo Y11 (No.00618605),2.790.000₫,,"6.35"", HD+, IPS LCD, 720 x 1544 Pixel
13.0 MP + 2.0 MP
8.0 MP
Snapdragon 439
32 GB","Giảm ngay 200.000đ khi mua Online áp dụng đến 30/09
Thu cũ đổi mới - Trợ giá ngay 15% Xem chi tiết","48 đánh giá
|
892 Hỏi & đáp"
OPPO A33 (No.00403),Het Hang
U,n,k,n,o,w,n
U,n,k,n,o,w,n
Vivo X60 (No.00427),Het Hang
Xiaomi Black Shark 2 (No.00084),Het Hang
Vivo Y51 8GB - 128GB (No.00732272),5.190.000₫,,"6.58"", FHD+, IPS LCD, 1080 x 2400 Pixel
48.0 MP + 8.0 MP + 2.0 MP
16.0 MP
Snapdragon 662
128 GB","Giảm ngay 1.100.000đ khi mua Online áp dụng đến 30/09
Trả góp 0%
Giảm đến 300.000đ khi mua bảo hành (rơi vỡ + vào nước) kèm máy Xem chi tiết
Thu cũ đổi mới - Trợ giá ngay 15% Xem chi tiết","1 đánh giá
|
296 Hỏi & đáp"
Samsung Galaxy M11 (No.00157),Het Hang
Samsung Galaxy A9 Star (No.771366),Het Hang
Vivo V19 Pro (No.00160),Het Hang
Honor Note 10 (No.113322),Het Hang
Samsung Galaxy A22 5G (No.00764925),5.899.000₫,"5G
5.899.000₫
4G
5.899.000₫","6.6"", FHD+, TFT LCD, 1080 x 2400 Pixel
48.0 MP + 5.0 MP + 2.0 MP
8.0 MP
MediaTek Dimensity 700
128 GB","Giảm ngay 400.000đ áp dụng đến 24/09
Trả góp 0%
Giảm đến 300.000đ khi mua bảo hành (rơi vỡ + vào nước) kèm máy Xem chi tiết
Quà tặng Galaxy trị giá 480.000đ Xem chi tiết
Thu cũ đổi mới - Trợ giá ngay 15% Xem chi tiết","5 đánh giá
|
217 Hỏi & đáp"
U,n,k,n,o,w,n
U,n,k,n,o,w,n
Motorola Edge (No.00254),Het Hang
Samsung Galaxy A71 5G (No.00180),Het Hang
Vivo X30 (No.00142),Het Hang
Huawei Enjoy 20 (No.00359),Het Hang
U,n,k,n,o,w,n
Nokia 105 SS (2019) (No.00612484),390.000₫,,"1.77"", QQVGA, TFT, 120 x 160 Pixel
4 MB",Thu cũ đổi mới - Trợ giá ngay 15% Xem chi tiết,"51 đánh giá
|
0 Hỏi & đáp"
Huawei Enjoy Z 5G (No.00318),Het Hang
OPPO A74 8GB-128GB (No.00755010),6.690.000₫,,"6.43"", FHD+, AMOLED, 1080 x 2400 Pixel
48.0 MP + 2.0 MP + 2.0 MP
16.0 MP
Snapdragon 662
128 GB","Trả góp 0%
Giảm đến 300.000đ khi mua bảo hành (rơi vỡ + vào nước) kèm máy Xem chi tiết
Thu cũ đổi mới - Trợ giá ngay 15% Xem chi tiết","1 đánh giá
|
47 Hỏi & đáp"
Nokia 225 4G (No.00452),Het Hang
Huawei Y7s (No.00104),Het Hang
Xiaomi Mi 9 Pro 5G (No.00093),Het Hang
Wiko Sunny 4 (No.00456),Het Hang
Vivo Y12s 2021 3GB-32GB (No.00745038),3.290.000₫,,"6.51"", HD+, IPS, 720 x 1600 Pixel
13.0 MP + 2.0 MP
8.0 MP
Snapdragon 439
32 GB",Thu cũ đổi mới - Trợ giá ngay 15% Xem chi tiết,"2 đánh giá
|
0 Hỏi & đáp"
Samsung Galaxy A32 (No.00737245),6.699.000₫,,"6.4"", FHD+, Super AMOLED, 1080 x 2400 Pixel
64.0 MP + 8.0 MP + 5.0 MP + 5.0 MP
20.0 MP
Helio G80
128 GB","Trả góp 0%
Giảm đến 300.000đ khi mua bảo hành (rơi vỡ + vào nước) kèm máy Xem chi tiết
Thu cũ đổi mới - Trợ giá ngay 15% Xem chi tiết","4 đánh giá
|
375 Hỏi & đáp"
Huawei Mate 30E Pro 5G (No.00447),Het Hang
Xiaomi Redmi K20 (No.00061),Het Hang
Honor 30 Youth (No.00351),Het Hang
Huawei Nova 8 SE (No.00450),Het Hang
Masstel Izi 112 (No.00618603),200.000₫,,"1.77"", QQVGA, TFT, 128 x 160 Pixel
32 MB",Thu cũ đổi mới - Trợ giá ngay 15% Xem chi tiết,"67 đánh giá
|
0 Hỏi & đáp"
Realme Q (No.00071),Het Hang
U,n,k,n,o,w,n
Nokia 150 DS (2020) (No.00691886),680.000₫,,"2.4"", QVGA, TFT, 320 x 240 Pixel
0.3 MP
4 MB",Thu cũ đổi mới - Trợ giá ngay 15% Xem chi tiết,"48 đánh giá
|
0 Hỏi & đáp"
U,n,k,n,o,w,n
Motorola One Vision Plus (No.00305),Het Hang
U,n,k,n,o,w,n
Vivo V15 Pro (No.00048),Het Hang
Huawei Y7p (No.00176),Het Hang
U,n,k,n,o,w,n
Huawei Nova 5i (No.00063),Het Hang
Huawei Nova 6 (No.00089),Het Hang
Honor X10 5G (No.00298),Het Hang
Samsung Galaxy A02s 64GB (No.00725264),3.599.000₫,,"6.5"", HD+, PLS TFT LCD, 720 x 1600 Pixel
13.0 MP + 2.0 MP + 2.0 MP
5.0 MP
Snapdragon 450
64 GB",Thu cũ đổi mới - Trợ giá ngay 15% Xem chi tiết,"1 đánh giá
|
251 Hỏi & đáp"
Xiaomi Redmi K30 Ultra (No.00374),Het Hang
Realme X50 5G (No.00139),Het Hang
Vsmart Aris 8GB-128GB (No.00722071),4.990.000₫,"8GB-128GB
4.990.000₫
6GB-64GB
5.990.000₫","6.39"", FHD+, AMOLED, 1080 x 2340 Pixel
64.0 MP + 8.0 MP + 8.0 MP + 2.0 MP
20.0 MP
128 GB","Bảo hành 18 tháng
Đổi trả 101 ngày lỗi NSX
Giảm đến 300.000đ khi mua bảo hành (rơi vỡ + vào nước) kèm máy Xem chi tiết
Thu cũ đổi mới - Trợ giá ngay 15% Xem chi tiết","9 đánh giá
|
769 Hỏi & đáp"
Xiaomi Redmi K30 (No.00132),Het Hang
Vivo Z5i (No.00129),Het Hang
Huawei Nova 5 Pro (No.00088),Het Hang
Honor Play 4 (No.00321),Het Hang
Nokia 105 DS 4G (No.00760879),710.000₫,,"1.8"", QQVGA, QVGA
Unisoc T107
128 MB",Thu cũ đổi mới - Trợ giá ngay 15% Xem chi tiết,"1 đánh giá
|
7 Hỏi & đáp"
LG K51S (No.00166),Het Hang
Realme Narzo 10A (No.00234),Het Hang
Samsung Galaxy S20+ (No.00649648),16.999.000₫,,"6.7"", QHD+, Dynamic AMOLED 2X, 1440 x 3200 Pixel
12.0 MP + 12.0 MP + 64.0 MP + 0.5 MP
10.0 MP
Exynos 990
128 GB","Giảm đến 300.000đ khi mua bảo hành (rơi vỡ + vào nước) kèm máy Xem chi tiết
Thu cũ đổi mới - Trợ giá ngay 15% Xem chi tiết","114 đánh giá
|
1636 Hỏi & đáp"
Samsung Galaxy A5 (2018) (No.633023),Het Hang
Nokia C2 Tava (No.00323),Het Hang
Wiko View 2 Pro (No.00250),Het Hang
Nokia 6.2 (No.00606264),Het Hang
U,n,k,n,o,w,n
Xiaomi Redmi 9C 3GB-64GB (No.00704186),2.580.000₫,"3GB-64GB
2.580.000₫
4GB-128GB
3.490.000₫
2GB-32GB
Ngừng kinh doanh","6.53"", HD+, IPS LCD, 720 x 1600 Pixel
13.0 MP + 2.0 MP + 2.0 MP
5.0 MP
Mediatek Helio G35
64 GB","Giảm ngay 410.000đ khi mua Online áp dụng đến 27/09
Bảo hành 18 tháng
Thu cũ đổi mới - Trợ giá ngay 15% Xem chi tiết","1 đánh giá
|
677 Hỏi & đáp"
U,n,k,n,o,w,n
Huawei Enjoy 10 Plus (No.00067),Het Hang
U,n,k,n,o,w,n
Vivo Z6 5G (No.00163),Het Hang
Xiaomi Redmi K20 Pro Premium (No.00077),Het Hang
U,n,k,n,o,w,n
Honor X10 Pro (No.00301),Het Hang
Realme 7i 8GB-128GB (No.00719024),6.290.000₫,,"6.5"", HD+, IPS LCD, 720 x 1600 Pixel
64.0 MP + 8.0 MP + 2.0 MP + 2.0 MP
16.0 MP
128 GB","Giảm đến 300.000đ khi mua bảo hành (rơi vỡ + vào nước) kèm máy Xem chi tiết
Thu cũ đổi mới - Trợ giá ngay 15% Xem chi tiết","1 đánh giá
|
0 Hỏi & đáp"
Vivo iQOO 3 (No.00154),Het Hang
Masstel Play 50 (No.00715776),500.000₫,,"2.4"", QVGA, QVGA, 240 x 320 Pixel
0.08 MP
32 MB",Thu cũ đổi mới - Trợ giá ngay 15% Xem chi tiết,"1 đánh giá
|
40 Hỏi & đáp"
Vivo S5 (No.00118),Het Hang
Xiaomi Redmi Note 10 Pro 8GB-128GB (No.00743801),7.490.000₫,"8GB-128GB
7.490.000₫
6GB-128GB
6.990.000₫","6.67"", FHD+, AMOLED, 1080 x 2400 Pixel
108.0 MP + 8.0 MP + 2.0 MP + 5.0 MP
16.0 MP
Snapdragon 732G
128 GB","Trả góp 0%
Bảo hành 18 tháng
Giảm đến 300.000đ khi mua bảo hành (rơi vỡ + vào nước) kèm máy Xem chi tiết
Thu cũ đổi mới - Trợ giá ngay 15% Xem chi tiết","14 đánh giá
|
673 Hỏi & đáp"
Nokia 6300 DS 4G (No.00725251),1.090.000₫,,"2.4"", QVGA, TFT, 320 x 240 Pixel
0.3 MP
4 GB","Giảm ngay 200.000đ
Thu cũ đổi mới - Trợ giá ngay 15% Xem chi tiết","2 đánh giá
|
121 Hỏi & đáp"
Vivo S6 5G (No.00235),Het Hang
Nokia 150 (2020) (No.00293),Het Hang
OPPO A94 8GB-128GB (No.00746916),7.190.000₫,,"6.43"", FHD+, AMOLED, 1080 x 2400 Pixel
48.0 MP + 8.0 MP + 2.0 MP + 2.0 MP
32.0 MP
Helio P95
128 GB","Giảm ngay 500.000đ áp dụng đến 21/09
Trả góp 0%
Giảm đến 300.000đ khi mua bảo hành (rơi vỡ + vào nước) kèm máy Xem chi tiết
Thu cũ đổi mới - Trợ giá ngay 15% Xem chi tiết","1 đánh giá
|
0 Hỏi & đáp"
