Máy lọc nước Karofi 10 lõi KAQ-O07 (No.00757245),7.100.000₫,,"RO thường, Tủ đứng
Thẩm thấu ngược RO
10 lõi
Lọc 5 - Thải 5
20 lít/giờ","Giảm ngay 1.500.000đ
Trả góp 0%","1 đánh giá
|
0 Hỏi & đáp"
Máy lọc nước Karofi 10 lõi ERO100 (No.00758753),6.890.000₫,,"RO thường, Tủ đứng
Thẩm thấu ngược RO
10 lõi
Lọc 5 - Thải 5
20 lít/giờ","Giảm ngay 800.000đ
Trả góp 0%","1 đánh giá
|
0 Hỏi & đáp"
Máy lọc nước Coway 4 lõi P-6320R (No.00770604),9.000.000₫,,"RO thường, Để bàn
Thẩm thấu ngược RO
4 lõi
Lọc 3 - Thải 7
8 lít/giờ","Giảm ngay 1.000.000đ
Tặng Bộ quà ( Túi vải Canvas + Mũ bảo hiểm + áo mưa Coway)
Trả góp 0%","1 đánh giá
|
0 Hỏi & đáp"
Máy lọc nước RO Hydrogen ion kiềm Kangaroo 5 lõi KG100EED IOT (No.00765560),19.850.000₫,,"IOT, cảm ứng điện tử, Để bàn
Điện phân
5 lõi
Lọc 5 - Thải 5
18 lít/giờ",Trả góp 0%,"1 đánh giá
|
0 Hỏi & đáp"
Máy lọc nước RO Hydrogen ion kiềm Kangaroo 5 lõi KG100MED (No.00765564),8.590.000₫,,"ion kiềm, Để bàn
Điện phân
5 lõi
Lọc 5 - Thải 5
18 lít/giờ","Giảm ngay 5.000.000đ
Trả góp 0%","1 đánh giá
|
0 Hỏi & đáp"
Máy lọc nước nóng lạnh R.O Hydrogen Karofi Optimus Duo 8 lõi O-D138 (No.00770853),9.390.000₫,,"RO có nóng lạnh, Tủ đứng
Thẩm thấu ngược RO
8 lõi
Lọc 5 - Thải 5
20 lít/giờ","Giảm ngay 2.400.000đ
Trả góp 0%","1 đánh giá
|
0 Hỏi & đáp"
U,n,k,n,o,w,n
U,n,k,n,o,w,n
U,n,k,n,o,w,n
U,n,k,n,o,w,n
U,n,k,n,o,w,n
Máy lọc nước Coway 4 lõi CHP-590R (No.00757147),23.000.000₫,,"RO có nóng lạnh, Tủ đứng
Thẩm thấu ngược RO
4 lõi
Lọc 3 - Thải 7
10 - 15 lít/giờ","Tặng Bộ quà ( Túi vải Canvas + Mũ bảo hiểm + áo mưa Coway)
Trả góp 0%","1 đánh giá
|
0 Hỏi & đáp"
U,n,k,n,o,w,n
U,n,k,n,o,w,n
U,n,k,n,o,w,n
Máy lọc nước R.O Hydrogen Kangaroo 9 lõi KG100HBVTU (No.00757140),6.290.000₫,,"RO Hydrogen, Tủ đứng
Thẩm thấu ngược RO
9 lõi
Lọc 5 - Thải 5
18 lít/giờ",Tặng 3 lõi lọc số 1 (K28) -số 2 (K29) - số 3 (K28-1),"1 đánh giá
|
0 Hỏi & đáp"
U,n,k,n,o,w,n
U,n,k,n,o,w,n
Máy lọc nước RO Hydrogen ion kiềm Kangaroo 7 lõi KG100EO (No.00765561),8.100.000₫,,"ion kiềm, Tủ đứng
Điện phân
7 lõi
Lọc 5 - Thải 5
18 lít/giờ","Giảm ngay 4.800.000đ
Trả góp 0%","1 đánh giá
|
0 Hỏi & đáp"
Máy lọc nước Karofi KAQ-P95 (No.00757246),7.990.000₫,,"RO thường, Tủ đứng
Thẩm thấu ngược RO
10 lõi
Lọc 5 - Thải 5
20 lít/giờ","Giảm ngay 2.000.000đ
Trả góp 0%","1 đánh giá
|
0 Hỏi & đáp"
Máy lọc nước R.O Kangaroo 7 lõi KG104AVTU (No.00757139),3.990.000₫,,"RO thường, Tủ đứng
Thẩm thấu ngược RO
7 lõi
Lọc 5 - Thải 5
10 - 15 lít/giờ","Giảm ngay 500.000đ
Tặng 3 lõi lọc số 1 (K28) -số 2 (K29) - số 3 (K28-1)","1 đánh giá
|
0 Hỏi & đáp"
Máy lọc nước Coway 4 lõi CHP-18AR (No.00757146),22.800.000₫,,"RO có nóng lạnh, Để bàn
Thẩm thấu ngược RO
4 lõi
Lọc 3 - Thải 7
7.9 lít/giờ","Tặng Bộ quà ( Túi vải Canvas + Mũ bảo hiểm + áo mưa Coway)
Trả góp 0%","1 đánh giá
|
0 Hỏi & đáp"
U,n,k,n,o,w,n
Máy lọc nước R.O Hydrogen Karofi 10 lõi KAQ-U95 (Không tủ) (No.00759447),6.080.000₫,,"RO thường, Tủ lắp âm
Thẩm thấu ngược RO
10 lõi
Lọc 5 - Thải 5
20 lít/giờ","Giảm ngay 1.500.000đ
Trả góp 0%","1 đánh giá
|
0 Hỏi & đáp"
U,n,k,n,o,w,n
U,n,k,n,o,w,n
U,n,k,n,o,w,n
U,n,k,n,o,w,n
Máy lọc nước RO Kangaroo 8 lõi KG-08G4 VTU (No.00765562),4.880.000₫,,"RO thường, Tủ đứng
Thẩm thấu ngược RO
8 lõi
Lọc 5 - Thải 5
10 - 15 lít/giờ",Giảm ngay 1.380.000đ,"1 đánh giá
|
0 Hỏi & đáp"
U,n,k,n,o,w,n
U,n,k,n,o,w,n
U,n,k,n,o,w,n
Máy lọc nước Coway 5 lõi P-300L (No.00757144),5.700.000₫,,"RO thường, Để bàn
Thẩm thấu ngược RO
5 lõi
Lọc 3 - Thải 7
5 lít/giờ","Giảm ngay 1.300.000đ
Tặng Bộ quà ( Túi vải Canvas + Mũ bảo hiểm + áo mưa Coway)
Trả góp 0%","1 đánh giá
|
0 Hỏi & đáp"
U,n,k,n,o,w,n
U,n,k,n,o,w,n
U,n,k,n,o,w,n
U,n,k,n,o,w,n
Máy lọc nước Coway 5 lõi CHP-671R (No.00757148),27.000.000₫,,"RO có nóng lạnh, Tủ đứng
Thẩm thấu ngược RO
5 lõi
Lọc 3 - Thải 7
10 - 15 lít/giờ","Tặng Bộ quà ( Túi vải Canvas + Mũ bảo hiểm + áo mưa Coway)
Trả góp 0%","1 đánh giá
|
0 Hỏi & đáp"
Máy lọc nước R.O Kangaroo 9 lõi KG110VTU (No.00756017),4.990.000₫,,"RO thường, Tủ đứng
Thẩm thấu ngược RO
9 lõi
Lọc 5 - Thải 5
10 - 15 lít/giờ",Tặng 3 lõi lọc số 1 (K28) -số 2 (K29) - số 3 (K28-1),"1 đánh giá
|"
U,n,k,n,o,w,n
U,n,k,n,o,w,n
U,n,k,n,o,w,n
U,n,k,n,o,w,n
U,n,k,n,o,w,n
U,n,k,n,o,w,n
U,n,k,n,o,w,n
Máy lọc nước nóng lạnh Karofi 10 lõi KAD-D52 (No.00770852),9.990.000₫,,"RO có nóng lạnh, Tủ đứng
Thẩm thấu ngược RO
10 lõi
Lọc 5 - Thải 5
20 lít/giờ","Giảm ngay 1.500.000đ
Trả góp 0%","1 đánh giá
|
0 Hỏi & đáp"
U,n,k,n,o,w,n
U,n,k,n,o,w,n
Máy lọc nước nóng lạnh RO Karofi 11 lõi KAD-D66 (No.00759450),11.790.000₫,,"RO có nóng lạnh, Tủ đứng
Thẩm thấu ngược RO
11 lõi
Lọc 5 - Thải 5
20 lít/giờ","Giảm ngay 1.200.000đ
Trả góp 0%","1 đánh giá
|
0 Hỏi & đáp"
U,n,k,n,o,w,n
U,n,k,n,o,w,n
Máy lọc nước R.O Hydrogen Kangaroo 9 lõi KG100HAVTU (No.00757141),6.950.000₫,,"RO Hydrogen, Tủ đứng
Thẩm thấu ngược RO
9 lõi
Lọc 5 - Thải 5
20 lít/giờ",Tặng 3 lõi lọc số 1 (K28) -số 2 (K29) - số 3 (K28-1),"1 đánh giá
|
0 Hỏi & đáp"
U,n,k,n,o,w,n
U,n,k,n,o,w,n
U,n,k,n,o,w,n
U,n,k,n,o,w,n
U,n,k,n,o,w,n
Máy lọc nước nóng lạnh RO Hydrogen Kangaroo 10 lõi KG10A5 VTU (No.00765563),8.490.000₫,,"RO thường, Tủ đứng
Điện phân
10 lõi
Lọc 5 - Thải 5
10 - 15 lít/giờ",Trả góp 0%,"1 đánh giá
|
0 Hỏi & đáp"
Máy lọc nước Kangaroo Slim ion kiềm 5 lõi KG100ES1 (No.00756018),9.650.000₫,,"ion kiềm, Tủ đứng
Thẩm thấu ngược RO
5 lõi
Lọc 5 - Thải 5
18 lít/giờ","Quạt điều hòa Kangaroo
Trả góp 0%","1 đánh giá
|
0 Hỏi & đáp"
Máy lọc nước Coway 4 lõi CHP-260L (No.00757145),14.400.000₫,,"RO có nóng lạnh, Để bàn
Thẩm thấu ngược RO
4 lõi
Lọc 3 - Thải 7
3.2 lít/giờ","Giảm ngay 3.600.000đ
Tặng Bộ quà ( Túi vải Canvas + Mũ bảo hiểm + áo mưa Coway)
Trả góp 0%","1 đánh giá
|
0 Hỏi & đáp"
U,n,k,n,o,w,n
