Máy ép hoa quả Sunhouse SHD5520 (No.00757181),850.000₫,,"Máy ép nhanh
300 W
0.5 lít
Thép không gỉ
12 Tháng",Giảm ngay 250.000đ,"1 đánh giá
|
0 Hỏi & đáp"
U,n,k,n,o,w,n
U,n,k,n,o,w,n
Máy ép chậm Kalite KL-530 (No.00770682),2.080.000₫,,"Máy ép chậm
200 W
0.2 lít
Thép không gỉ
12 Tháng","Tặng cân thông minh Kalite
Giảm ngay 660.000đ áp dụng đến 30/09","1 đánh giá
|
0 Hỏi & đáp"
U,n,k,n,o,w,n
U,n,k,n,o,w,n
U,n,k,n,o,w,n
U,n,k,n,o,w,n
Máy ép chậm Kangaroo KG1B6 (No.00764969),2.230.000₫,,"Máy ép chậm
200 W
0.6 lít
Thép không gỉ
12 Tháng",Giảm ngay 260.000đ,"1 đánh giá
|
0 Hỏi & đáp"
Máy ép trái cây Midea MJ-JE35 (No.00757202),890.000₫,,"Máy ép nhanh
350 W
0.5 lít
Thép không gỉ
12 Tháng",Giảm ngay 160.000đ,"1 đánh giá
|
0 Hỏi & đáp"
U,n,k,n,o,w,n
