U,n,k,n,o,w,n
U,n,k,n,o,w,n
U,n,k,n,o,w,n
U,n,k,n,o,w,n
U,n,k,n,o,w,n
U,n,k,n,o,w,n
U,n,k,n,o,w,n
Nồi cơm điện tử Sunhouse mama 1.8 lít SHD8903 (No.00756002),1.430.000₫,,"1.8 lít
4 - 6 người
860 W
3D (Toả nhiệt từ 3 hướng)
24 Tháng",Giảm ngay 560.000đ,"1 đánh giá
|
0 Hỏi & đáp"
U,n,k,n,o,w,n
Nồi cơm điện Kalite 1.8 lít KL-618 (No.00771103),754.000₫,,"1.8 lít
4 - 6 người
700 W
1D (Toả nhiệt từ 1 hướng)
12 Tháng","Tặng kèm Chảo từ chống dính trị giá 195.000đ
Giảm ngay 395.000đ áp dụng đến 30/09","1 đánh giá
|
0 Hỏi & đáp"
U,n,k,n,o,w,n
Nồi cơm điện Kalite 1.8 lít KL-619 (No.00771104),889.000₫,,"1.8 lít
4 - 6 người
700 W
1D (Toả nhiệt từ 1 hướng)
12 Tháng",Giảm ngay 400.000đ,"1 đánh giá
|
0 Hỏi & đáp"
Nồi cơm nắp gài Sunhouse SHD8607W (No.00757158),640.000₫,,"1.8 lít
4 - 6 người
700 W
1D (Toả nhiệt từ 1 hướng)
12 Tháng",Giảm ngay 300.000đ,"1 đánh giá
|
0 Hỏi & đáp"
U,n,k,n,o,w,n
U,n,k,n,o,w,n
U,n,k,n,o,w,n
Nồi cơm điện Midea MB-FS5018B (No.00757223),1.370.000₫,,"1.8 lít
4 - 6 người
860 W
1D (Toả nhiệt từ 1 hướng)
12 Tháng",Giảm ngay 220.000đ,"1 đánh giá
|
0 Hỏi & đáp"
U,n,k,n,o,w,n
U,n,k,n,o,w,n
U,n,k,n,o,w,n
Nồi cơm điện Kangaroo 1.8L loại cơ model KG18R2 (No.00757118),950.000₫,,"1.8 lít
4 - 6 người
860 W
1D (Toả nhiệt từ 1 hướng)
12 Tháng",Giảm ngay 200.000đ,"1 đánh giá
|
0 Hỏi & đáp"
U,n,k,n,o,w,n
U,n,k,n,o,w,n
U,n,k,n,o,w,n
Nồi cơm điện 1.8L Sunhouse SHD8603 (No.00757160),550.000₫,,"1.8 lít
4 - 6 người
700 W
1D (Toả nhiệt từ 1 hướng)
12 Tháng",Giảm ngay 140.000đ,"1 đánh giá
|
0 Hỏi & đáp"
Nồi cơm điện Sunhouse 1.8 lít SHD8616 (No.00756003),850.000₫,,"1.8 lít
4 - 6 người
1200 W
1D (Toả nhiệt từ 1 hướng)
12 Tháng",Giảm ngay 240.000đ,"1 đánh giá
|
0 Hỏi & đáp"
Nồi cơm điện Midea MR-CM1825 (No.00758897),770.000₫,,"1.8 lít
4 - 6 người
700 W
1D (Toả nhiệt từ 1 hướng)
12 Tháng",Giảm ngay 120.000đ,"1 đánh giá
|
0 Hỏi & đáp"
U,n,k,n,o,w,n
Nồi cơm điện tử Kangaroo 1.8 lít model KG18DR8 (No.00757116),1.300.000₫,,"1.8 lít
4 - 6 người
860 W
1D (Toả nhiệt từ 1 hướng)
12 Tháng",Giảm ngay 400.000đ,"1 đánh giá
|
0 Hỏi & đáp"
Nồi cơm điện Midea MB-HS4007 (No.00757222),2.400.000₫,,"1.5 lít
2 - 4 người
1200 W
Nấu cao tần
12 Tháng",Giảm ngay 390.000đ,"đánh giá
|
0 Hỏi & đáp"
Nồi cơm điện Midea MB-FS5020 (No.00758944),1.300.000₫,,"1.8 lít
4 - 6 người
780 W
3D (Toả nhiệt từ 3 hướng)
12 Tháng",Giảm ngay 290.000đ,"1 đánh giá
|
0 Hỏi & đáp"
Nồi cơm điện tử Kangaroo 1.8L model KG18DR6 (No.00757117),840.000₫,,"1.8 lít
4 - 6 người
700 W
1D (Toả nhiệt từ 1 hướng)
12 Tháng",Giảm ngay 150.000đ,"1 đánh giá
|
0 Hỏi & đáp"
Nồi cơm điện Midea MR-CM07NA (No.00757220),680.000₫,,"1 lít
2 - 4 người
400 W
1D (Toả nhiệt từ 1 hướng)
12 Tháng",Giảm ngay 240.000đ,"1 đánh giá
|
0 Hỏi & đáp"
Nồi cơm điện Sunhouse 2.8 lít SH 830 (No.00756000),890.000₫,,"2.8 lít
Trên 6 người
900 W
3D (Toả nhiệt từ 3 hướng)
12 Tháng",Giảm ngay 100.000đ,"1 đánh giá
|
0 Hỏi & đáp"
Nồi cơm điện Sunhouse 1 lít SHD8208C (No.00756001),590.000₫,,"1 lít
2 - 4 người
400 W
1D (Toả nhiệt từ 1 hướng)
12 Tháng",Giảm ngay 200.000đ,"1 đánh giá
|
0 Hỏi & đáp"
U,n,k,n,o,w,n
U,n,k,n,o,w,n
U,n,k,n,o,w,n
U,n,k,n,o,w,n
Nồi cơm điện cao tần Sunhouse Mama SHD8955 (No.00757157),1.890.000₫,,"1.5 lít
2 - 4 người
860 W
Nấu cao tần
24 Tháng",Giảm ngay 400.000đ,"1 đánh giá
|
0 Hỏi & đáp"
U,n,k,n,o,w,n
Nồi cơm điện tử Sunhouse mama 1.5 lít SHD8915 (No.00757156),1.590.000₫,,"1.5 lít
2 - 4 người
860 W
3D (Toả nhiệt từ 3 hướng)
24 Tháng",Giảm ngay 200.000đ,"1 đánh giá
|
0 Hỏi & đáp"
Nồi cơm nắp gài Kangaroo 1.2 lít KG822 (No.00755997),600.000₫,,"1.2 lít
2 - 4 người
400 W
3D (Toả nhiệt từ 3 hướng)
12 Tháng",Giảm ngay 300.000đ,"1 đánh giá
|
0 Hỏi & đáp"
U,n,k,n,o,w,n
