Bộ 3 nồi inox 5 đáy - đáy từ Sunhouse SHG788 (No.00761238),560.000₫,,"Bộ 3 nồi
Nồi inox
16 - 20 - 24 cm
1.5 - 2 - 3 lít
Không bảo hành",Giảm ngay 200.000đ,"1 đánh giá
|
0 Hỏi & đáp"
U,n,k,n,o,w,n
Bộ 3 nồi 1 chảo inox 5 đáy nắp kính đáy từ Kalite KL-336 (No.00770720),2.850.000₫,,"Bộ 3 nồi 1 chảo
Nồi inox
16 - 20 - 24 cm
Nồi 1.5 - 3 - 5 lít, Chảo 2.5 lít
36 Tháng",Giảm ngay 900.000đ,"1 đánh giá
|
0 Hỏi & đáp"
U,n,k,n,o,w,n
U,n,k,n,o,w,n
U,n,k,n,o,w,n
U,n,k,n,o,w,n
U,n,k,n,o,w,n
Bộ 3 nồi inox 5 đáy nắp kính đáy từ Kalite KL-333 (No.00770722),1.490.000₫,,"Bộ 3 nồi
Nồi inox
16 - 20 - 24 cm
1.5 - 3 - 5 lít
36 Tháng",Giảm ngay 1.250.000đ,"1 đánh giá
|
0 Hỏi & đáp"
Bộ 3 nồi 2 chảo inox 5 đáy nắp kính đáy từ Kalite KL-339 (No.00770721),5.055.000₫,,"Bộ 3 nồi 2 chảo
Nồi inox
16 - 26 - 28 cm
Nồi 1.8 - 7.5 - 12.5 lít, Chảo 2 - 4 lít
36 Tháng",Giảm ngay 1.600.000đ,"1 đánh giá
|
0 Hỏi & đáp"
U,n,k,n,o,w,n
Bộ 3 nồi inox 5 đáy - đáy từ Sunhouse SH781 (No.00759248),590.000₫,,"Bộ 3 nồi
Nồi inox
16 - 20 - 24 cm
1.5 - 2 - 3 lít
Không bảo hành",Giảm ngay 400.000đ,"1 đánh giá
|
0 Hỏi & đáp"
U,n,k,n,o,w,n
U,n,k,n,o,w,n
U,n,k,n,o,w,n
U,n,k,n,o,w,n
U,n,k,n,o,w,n
U,n,k,n,o,w,n
U,n,k,n,o,w,n
