Nồi lẩu điện Sunhouse 3 lít SHD4521 (No.00757174),470.000₫,,"3 lít
1300 W
1mm
Hợp kim nhôm phủ chống dính
12 Tháng",Giảm ngay 160.000đ,"1 đánh giá
|
0 Hỏi & đáp"
U,n,k,n,o,w,n
U,n,k,n,o,w,n
U,n,k,n,o,w,n
U,n,k,n,o,w,n
U,n,k,n,o,w,n
U,n,k,n,o,w,n
Nồi lẩu nướng đa năng Kalite 4 lít KL-666 (No.00770686),2.499.000₫,,"4 lít
1300 W
1 mm
Hợp kim nhôm phủ chống dính
12 Tháng",Giảm ngay 680.000đ,"1 đánh giá
|
0 Hỏi & đáp"
U,n,k,n,o,w,n
U,n,k,n,o,w,n
U,n,k,n,o,w,n
U,n,k,n,o,w,n
U,n,k,n,o,w,n
U,n,k,n,o,w,n
U,n,k,n,o,w,n
U,n,k,n,o,w,n
